[{
    "id": 1,
    "name": "Titus Miskelly",
    "email": "mmcjarrow0@kickstarter.com",
    "gender": "mmcjarrow0@statcounter.com",
    "date": "04/03/2021",
    "phone": "879-337-5896",
    "doctor": "Marcie McJarrow",
    "vaccine": "Tagchat"
  }, {
    "id": 2,
    "name": "Alfons Janowski",
    "email": "cgodden1@wikia.com",
    "gender": "cgodden1@bravesites.com",
    "date": "06/05/2020",
    "phone": "663-118-9201",
    "doctor": "Carmella Godden",
    "vaccine": "Agivu"
  }, {
    "id": 3,
    "name": "Alexio Hanson",
    "email": "tgarrod2@ezinearticles.com",
    "gender": "tgarrod2@twitpic.com",
    "date": "30/11/2020",
    "phone": "711-104-2858",
    "doctor": "Tatiana Garrod",
    "vaccine": "Ntag"
  }, {
    "id": 4,
    "name": "Benedikta Boord",
    "email": "glandrieu3@yelp.com",
    "gender": "glandrieu3@fda.gov",
    "date": "22/09/2020",
    "phone": "984-628-5286",
    "doctor": "Garvy Landrieu",
    "vaccine": "Agivu"
  }, {
    "id": 5,
    "name": "Reinhold Widmore",
    "email": "lfoister4@mapy.cz",
    "gender": "lfoister4@stumbleupon.com",
    "date": "24/04/2020",
    "phone": "275-111-9252",
    "doctor": "Langsdon Foister",
    "vaccine": "Leenti"
  }, {
    "id": 6,
    "name": "Monique Brakespear",
    "email": "kgiacomo5@vk.com",
    "gender": "kgiacomo5@opensource.org",
    "date": "21/03/2021",
    "phone": "984-231-2899",
    "doctor": "Kennett Giacomo",
    "vaccine": "Digitube"
  }, {
    "id": 7,
    "name": "Margareta Tolfrey",
    "email": "dbromidge6@bloglines.com",
    "gender": "dbromidge6@opera.com",
    "date": "13/02/2021",
    "phone": "468-642-7441",
    "doctor": "Dot Bromidge",
    "vaccine": "Trudeo"
  }, {
    "id": 8,
    "name": "Rube McCloch",
    "email": "darnopp7@clickbank.net",
    "gender": "darnopp7@nifty.com",
    "date": "29/12/2020",
    "phone": "973-927-6186",
    "doctor": "Devinne Arnopp",
    "vaccine": "Yombu"
  }, {
    "id": 9,
    "name": "Catherine Fensome",
    "email": "smozzini8@sina.com.cn",
    "gender": "smozzini8@amazon.co.jp",
    "date": "09/09/2020",
    "phone": "358-286-8202",
    "doctor": "Stevie Mozzini",
    "vaccine": "Youspan"
  }, {
    "id": 10,
    "name": "Alley Denys",
    "email": "kbillin9@people.com.cn",
    "gender": "kbillin9@va.gov",
    "date": "05/04/2021",
    "phone": "349-746-8439",
    "doctor": "Kaine Billin",
    "vaccine": "Fanoodle"
  }]