[{
  "id": 1,
  "name": "Titus Miskelly",
  "email": "mmcjarrow0@kickstarter.com",
  "gender": "mmcjarrow0@statcounter.com",
  "date": "04/03/2021",
  "phone": "879-337-5896",
  "doctor": "Marcie McJarrow",
  "vaccine": "Tagchat"
}, {
  "id": 2,
  "name": "Alfons Janowski",
  "email": "cgodden1@wikia.com",
  "gender": "cgodden1@bravesites.com",
  "date": "06/05/2020",
  "phone": "663-118-9201",
  "doctor": "Carmella Godden",
  "vaccine": "Agivu"
}, {
  "id": 3,
  "name": "Alexio Hanson",
  "email": "tgarrod2@ezinearticles.com",
  "gender": "tgarrod2@twitpic.com",
  "date": "30/11/2020",
  "phone": "711-104-2858",
  "doctor": "Tatiana Garrod",
  "vaccine": "Ntag"
}, {
  "id": 4,
  "name": "Benedikta Boord",
  "email": "glandrieu3@yelp.com",
  "gender": "glandrieu3@fda.gov",
  "date": "22/09/2020",
  "phone": "984-628-5286",
  "doctor": "Garvy Landrieu",
  "vaccine": "Agivu"
}, {
  "id": 5,
  "name": "Reinhold Widmore",
  "email": "lfoister4@mapy.cz",
  "gender": "lfoister4@stumbleupon.com",
  "date": "24/04/2020",
  "phone": "275-111-9252",
  "doctor": "Langsdon Foister",
  "vaccine": "Leenti"
}, {
  "id": 6,
  "name": "Monique Brakespear",
  "email": "kgiacomo5@vk.com",
  "gender": "kgiacomo5@opensource.org",
  "date": "21/03/2021",
  "phone": "984-231-2899",
  "doctor": "Kennett Giacomo",
  "vaccine": "Digitube"
}, {
  "id": 7,
  "name": "Margareta Tolfrey",
  "email": "dbromidge6@bloglines.com",
  "gender": "dbromidge6@opera.com",
  "date": "13/02/2021",
  "phone": "468-642-7441",
  "doctor": "Dot Bromidge",
  "vaccine": "Trudeo"
}, {
  "id": 8,
  "name": "Rube McCloch",
  "email": "darnopp7@clickbank.net",
  "gender": "darnopp7@nifty.com",
  "date": "29/12/2020",
  "phone": "973-927-6186",
  "doctor": "Devinne Arnopp",
  "vaccine": "Yombu"
}, {
  "id": 9,
  "name": "Catherine Fensome",
  "email": "smozzini8@sina.com.cn",
  "gender": "smozzini8@amazon.co.jp",
  "date": "09/09/2020",
  "phone": "358-286-8202",
  "doctor": "Stevie Mozzini",
  "vaccine": "Youspan"
}, {
  "id": 10,
  "name": "Alley Denys",
  "email": "kbillin9@people.com.cn",
  "gender": "kbillin9@va.gov",
  "date": "05/04/2021",
  "phone": "349-746-8439",
  "doctor": "Kaine Billin",
  "vaccine": "Fanoodle"
}, {
  "id": 11,
  "name": "Matthaeus Grosvener",
  "email": "cfandricha@diigo.com",
  "gender": "cfandricha@prnewswire.com",
  "date": "01/03/2021",
  "phone": "710-322-9458",
  "doctor": "Camala Fandrich",
  "vaccine": "Kayveo"
}, {
  "id": 12,
  "name": "Federico Aseef",
  "email": "nbraveryb@google.com",
  "gender": "nbraveryb@oakley.com",
  "date": "24/05/2020",
  "phone": "886-201-9354",
  "doctor": "Nerta Bravery",
  "vaccine": "Photospace"
}, {
  "id": 13,
  "name": "Zorah Harverson",
  "email": "fwillsheec@umich.edu",
  "gender": "fwillsheec@disqus.com",
  "date": "10/05/2020",
  "phone": "912-867-7186",
  "doctor": "Finn Willshee",
  "vaccine": "Pixoboo"
}, {
  "id": 14,
  "name": "Samantha Passy",
  "email": "raudreyd@github.com",
  "gender": "raudreyd@unicef.org",
  "date": "22/12/2020",
  "phone": "706-533-1312",
  "doctor": "Roch Audrey",
  "vaccine": "Eazzy"
}, {
  "id": 15,
  "name": "Leonelle Shoreson",
  "email": "ebarde@hostgator.com",
  "gender": "ebarde@sciencedirect.com",
  "date": "24/03/2021",
  "phone": "475-344-1805",
  "doctor": "Emile Bard",
  "vaccine": "Flashpoint"
}, {
  "id": 16,
  "name": "Siobhan Bussel",
  "email": "anarisf@blogs.com",
  "gender": "anarisf@deviantart.com",
  "date": "16/12/2020",
  "phone": "959-563-9067",
  "doctor": "Aylmar Naris",
  "vaccine": "Skajo"
}, {
  "id": 17,
  "name": "Justinian Gambles",
  "email": "bstg@eventbrite.com",
  "gender": "bstg@youtu.be",
  "date": "21/06/2020",
  "phone": "430-782-4498",
  "doctor": "Beatriz St. Quintin",
  "vaccine": "DabZ"
}, {
  "id": 18,
  "name": "Lyndsay Kenealy",
  "email": "mhusseyh@zimbio.com",
  "gender": "mhusseyh@xinhuanet.com",
  "date": "12/11/2020",
  "phone": "561-159-0470",
  "doctor": "Malanie Hussey",
  "vaccine": "Realpoint"
}, {
  "id": 19,
  "name": "Leonora Lilleman",
  "email": "hbartolomeoi@pagesperso-orange.fr",
  "gender": "hbartolomeoi@shop-pro.jp",
  "date": "23/01/2021",
  "phone": "689-293-9546",
  "doctor": "Hadria Bartolomeo",
  "vaccine": "Linktype"
}, {
  "id": 20,
  "name": "Alvera Edeson",
  "email": "cstubbesj@facebook.com",
  "gender": "cstubbesj@indiegogo.com",
  "date": "26/09/2020",
  "phone": "382-690-2957",
  "doctor": "Celie Stubbes",
  "vaccine": "Mynte"
}]